image_name,results
911046001239_20240406.jpg,003569
00080.jpg,00080
911079003291_20240423.jpg,000536
911045001120_20240415.jpg,011105
911004004444_20240424.jpg,004569
911012003138_20240409.jpg,00680
911012008054_20240427.jpg,01060
911012004489_20240427.jpg,00590
911004004500_20240403.jpg,00059
911079002032_20240428.jpg,00015690
911046007046_20240402.jpg,005671
911004003028_20240410.jpg,00229
911072001097_20240411.jpg,001381
911069003007_20240424.jpg,00530
911012003171_20240403.jpg,00559
911045002183_20240409.jpg,011690
911004005099_20240409.jpg,00849
911083001196_20240402.jpg,01060
911079002166_20240403.jpg,9039990
911012004373_20240413.jpg,00159
911079003251_20240417.jpg,9912990
911079003291_20240422.jpg,000534
911046005085_20240405.jpg,00559
911046002134_20240417.jpg,01059
911046001032_20240401.jpg,01859
911012002321_20240414.jpg,01049
911012002396_20240423.jpg,00360
911046002324_20240425.jpg,03012
911004005126_20240401.jpg,004569
911011005030_20240427.jpg,900008
911012006169_20240426.jpg,01559
00250.jpg,00249
911012002391_20240404.jpg,00459
911012002422_20240423.jpg,00519
911012002423_20240405.jpg,00159
911012006065_20240424.jpg,01159
911012007136_20240401.jpg,00559
911004002226_20240407.jpg,001880
911004002240_20240426.jpg,00249
911012009208_20240429.jpg,00260
911012007164_20240410.jpg,000569
911079003291_20240410.jpg,0005214
911004005005_20240419.jpg,00159
911012002296_20240410.jpg,00659
911079003251_20240407.jpg,9912990
911046003099_20240429.jpg,00489
911012008110_20240424.jpg,200760
911079003291_20240411.jpg,0005215
911079003291_20240401.jpg,0005210
911012002052_20240405.jpg,00459
911012004435_20240424.jpg,01080
911012003349_20240420.jpg,00049
911012002377_20240412.jpg,00280
911012009106_20240424.jpg,00029
911079003251_20240403.jpg,9912990
911012002153_20240417.jpg,00360
911004004294_20240406.jpg,01339
911046004066_20240411.jpg,03212
911012007340_20240423.jpg,01050
911079003291_20240421.jpg,000534
911004004459_20240416.jpg,00171
911004002438_20240425.jpg,00159
911004005127_20240409.jpg,00639
911046004011_20240428.jpg,00376
911004002485_20240402.jpg,00360
911012006009_20240406.jpg,001659
911012009126_20240401.jpg,01170
911012004420_20240424.jpg,00820
911046004199_20240402.jpg,02603
911012003284_20240415.jpg,004569
911046005232_20240425.jpg,001792
911079003251_20240416.jpg,9912990
911004002460_20240428.jpg,00659
911046005232_20240407.jpg,001780
911012002355_20240418.jpg,00550
911012004062_20240425.jpg,00689
911004002219_20240403.jpg,00180
911012002013_20240414.jpg,00149
911012002038_20240426.jpg,001439
911046005232_20240429.jpg,001794
911012002282_20240423.jpg,00760
911012002094_20240411.jpg,010569
911012002059_20240403.jpg,00559
911012003492_20240427.jpg,00194
911012009217_20240401.jpg,00880
911046001404_20240427.jpg,02359
911046004398_20240424.jpg,01759
911004005103_20240419.jpg,00380
911079003251_20240412.jpg,9912990
911012003302_20240409.jpg,00239
911012002317_20240409.jpg,00640
911079003251_20240411.jpg,9912990
911012008092_20240404.jpg,00580
911045004026_20240409.jpg,00219
00980.jpg,00980
911012003380_20240407.jpg,00550
911004004291_20240411.jpg,00459
911004004218_20240427.jpg,00459
911045002091_20240427.jpg,01871
911012007229_20240424.jpg,00880
911004003060_20240423.jpg,01159
911012005022_20240401.jpg,00360
911004004452_20240408.jpg,00540
911012007382_20240402.jpg,02020
911079003251_20240402.jpg,9912990
911012006069_20240425.jpg,00370
911046001385_20240405.jpg,01559
911012002302_20240406.jpg,00249
911012006262_20240404.jpg,009569
911046001178_20240418.jpg,00430
911004003014_20240403.jpg,00360
911079003291_20240412.jpg,0005216
911012004214_20240404.jpg,003490
911012003005_20240429.jpg,00259
911012003389_20240427.jpg,004569
911012006105_20240429.jpg,01170
911012004379_20240428.jpg,00650
911012002225_20240412.jpg,008890
911012005391_20240410.jpg,0000671
911012007230_20240424.jpg,004569
911013002042_20240423.jpg,013820
911046005011_20240415.jpg,04301
911083003410_20240405.jpg,01159
911004004390_20240424.jpg,001689
911012005391_20240415.jpg,000080
00360.jpg,00360
911012002455_20240421.jpg,00450
911012003420_20240412.jpg,00150
911012004182_20240427.jpg,00249
911012009223_20240401.jpg,00280
911045001090_20240422.jpg,01260
911012004423_20240428.jpg,00960
911046005148_20240404.jpg,00759
911004002462_20240409.jpg,00739
911004004409_20240427.jpg,00800
911012003062_20240420.jpg,00280
911046004199_20240403.jpg,02604
911004002011_20240416.jpg,00990
911012003068_20240429.jpg,00280
911046003390_20240415.jpg,02049
911004005152_20240420.jpg,00559
911004004393_20240403.jpg,00880
911012007121_20240427.jpg,0146509
911012003412_20240420.jpg,003890
911079002166_20240425.jpg,9039990
911004003217_20240411.jpg,00360
911012007105_20240425.jpg,01359
911046004309_20240409.jpg,01839
911004002452_20240414.jpg,00360
911012007281_20240416.jpg,00159
911045002351_20240405.jpg,00340
911004004305_20240427.jpg,00659
911079003257_20240421.jpg,0007901
911045001118_20240418.jpg,00859
911045002159_20240404.jpg,02159
911012007373_20240425.jpg,00239
911012002249_20240401.jpg,014560
00040.jpg,00040
911079003251_20240426.jpg,9902990
911012003051_20240416.jpg,009690
911012004209_20240406.jpg,00370
911012008197_20240401.jpg,00380
911046004066_20240409.jpg,032000
911012007169_20240402.jpg,003880
911079003251_20240423.jpg,9902990
911012002456_20240416.jpg,00349
911004003042_20240408.jpg,00659
911079003251_20240408.jpg,9912990
911004005148_20240403.jpg,006569
911046005232_20240427.jpg,001793
911079003291_20240407.jpg,000523
911079003251_20240419.jpg,9902990
911012003224_20240424.jpg,00880
911012004047_20240408.jpg,00880
911069003006_20240415.jpg,00750
911045002193_20240401.jpg,00960
911046001375_20240423.jpg,004780
911012004098_20240412.jpg,00759
911079002166_20240426.jpg,9039990
911012004026_20240426.jpg,00159
911012003049_20240402.jpg,001290
911046003139_20240407.jpg,019569
911004004390_20240428.jpg,001698
911045002124_20240404.jpg,00660
911083004006_20240411.jpg,00890
911045001054_20240406.jpg,00850
911012002485_20240419.jpg,01080
911012003126_20240424.jpg,00659
911012002417_20240404.jpg,009569
911004004436_20240412.jpg,02059
911012007268_20240425.jpg,00859
911012009291_20240425.jpg,23380
911004004332_20240415.jpg,00159
911012005303_20240404.jpg,00280
911004005161_20240401.jpg,00859
911004004426_20240414.jpg,00459
911046001121_20240410.jpg,002569
911046003040_20240415.jpg,01459
911012004022_20240406.jpg,00149
911012004012_20240426.jpg,000560
911012009246_20240416.jpg,00559
911045001103_20240423.jpg,00370
911004004330_20240418.jpg,00589
911012002312_20240421.jpg,00160
911079003251_20240415.jpg,9912990
911079003251_20240410.jpg,9912990
911004005107_20240406.jpg,00629
911079003251_20240429.jpg,9902990
911004002478_20240420.jpg,00960
911079003251_20240428.jpg,9902990
911072001058_20240408.jpg,093883
911004004360_20240425.jpg,00529
911012003036_20240417.jpg,001349
911072001036_20240402.jpg,0900028
911012009208_20240427.jpg,002600
911004003116_20240421.jpg,00629
911069003004_20240426.jpg,00580
911012004049_20240416.jpg,00539
911012003131_20240408.jpg,00359
911012002457_20240414.jpg,00370
911012004363_20240426.jpg,00759
911046002114_20240427.jpg,00460
911012003432_20240409.jpg,00689
911004003281_20240424.jpg,00460
911012006194_20240418.jpg,01380
911046004175_20240404.jpg,00690
911046005232_20240424.jpg,001791
911012005053_20240406.jpg,008439
911012006187_20240424.jpg,01460
911004005116_20240410.jpg,00059
911012007336_20240405.jpg,00109
911012003476_20240415.jpg,00139
911045002186_20240401.jpg,02602
911045002170_20240417.jpg,00311
911012005139_20240419.jpg,00740
911079003291_20240408.jpg,000523
911004004268_20240411.jpg,002659
